"data","preco"
2020-01-02,6165.5
2020-01-03,6077
2020-01-06,6097.5
2020-01-07,6134.5
2020-01-08,6154
2020-01-09,6156
2020-01-10,6157
2020-01-13,6177
2020-01-14,6247
2020-01-15,6232
2020-01-16,6300.5
2020-01-17,6276.5
2020-01-20,6245
2020-01-21,6158.5
2020-01-22,6103.5
2020-01-23,6050
2020-01-24,5968
2020-01-27,5779
2020-01-28,5715
2020-01-29,5698
2020-01-30,5621
2020-01-31,5570
2020-02-03,5595
2020-02-04,5652
2020-02-05,5714
2020-02-06,5726
2020-02-07,5653
2020-02-10,5659.5
2020-02-11,5696
2020-02-12,5747
2020-02-13,5716
2020-02-14,5737
2020-02-17,5802
2020-02-18,5728
2020-02-19,5745.5
2020-02-20,5730
2020-02-21,5702
2020-02-24,5657.5
2020-02-25,5663.5
2020-02-26,5614
2020-02-27,5618
2020-02-28,5573
2020-03-02,5640
2020-03-03,5668
2020-03-04,5694.5
2020-03-05,5667.5
2020-03-06,5624
2020-03-09,5483
2020-03-10,5598
2020-03-11,5552
2020-03-12,5386.5
2020-03-13,5530.5
2020-03-16,5211
2020-03-17,5205
2020-03-18,4860.5
2020-03-19,4685
2020-03-20,4855
2020-03-23,4617.5
2020-03-24,4789.5
2020-03-25,4754
2020-03-26,4775.5
2020-03-27,4774
2020-03-30,4763
2020-03-31,4797
2020-04-01,4772
2020-04-02,4821.5
2020-04-03,4863.5
2020-04-06,4867
2020-04-07,5067.5
2020-04-08,4976
2020-04-09,4963.5
2020-04-14,5119
2020-04-15,5054.5
2020-04-16,5098.5
2020-04-17,5175.5
2020-04-20,5169.5
2020-04-21,4994.5
2020-04-22,5034
2020-04-23,5120.5
2020-04-24,5118
2020-04-27,5165.5
2020-04-28,5169.5
2020-04-29,5184
2020-04-30,5231
2020-05-01,5061
2020-05-04,5058
2020-05-05,5111.5
2020-05-06,5199.5
2020-05-07,5227.5
2020-05-11,5231
2020-05-12,5234
2020-05-13,5212.5
2020-05-14,5155.5
2020-05-15,5165
2020-05-18,5249.5
2020-05-19,5314
2020-05-20,5333
2020-05-21,5387
2020-05-22,5242.5
2020-05-26,5341.5
2020-05-27,5308.5
2020-05-28,5278.5
2020-05-29,5332.5
2020-06-01,5376.5
2020-06-02,5463
2020-06-03,5499
2020-06-04,5452.5
2020-06-05,5588
2020-06-08,5659
2020-06-09,5680.5
2020-06-10,5801
2020-06-11,5801.5
2020-06-12,5785.5
2020-06-15,5646
2020-06-16,5759.5
2020-06-17,5734
2020-06-18,5799
2020-06-19,5835.5
2020-06-22,5825
2020-06-23,5895
2020-06-24,5871
2020-06-25,5880.5
2020-06-26,5985.5
2020-06-29,5957
2020-06-30,6038
2020-07-01,6016.5
2020-07-02,6080
2020-07-03,6022.5
2020-07-06,6112
2020-07-07,6086
2020-07-08,6194
2020-07-09,6339.5
2020-07-10,6322.5
2020-07-13,6545
2020-07-14,6489.5
2020-07-15,6507
2020-07-16,6385
2020-07-17,6454.5
2020-07-20,6416.5
2020-07-21,6513
2020-07-22,6527
2020-07-23,6533.5
2020-07-24,6412.5
2020-07-27,6425.5
2020-07-28,6399.5
2020-07-29,6475
2020-07-30,6433.5
2020-07-31,6446.5
2020-08-03,6441
2020-08-04,6440
2020-08-05,6525.5
2020-08-06,6453.5
2020-08-07,6437
2020-08-10,6363
2020-08-11,6356.5
2020-08-12,6379
2020-08-13,6380
2020-08-14,6342.5
2020-08-17,6439.5
2020-08-18,6492.5
2020-08-19,6667
2020-08-20,6594.5
2020-08-21,6564.5
2020-08-24,6579.5
2020-08-25,6544.5
2020-08-26,6603.5
2020-08-27,6602.5
2020-08-28,6728
2020-09-01,6788.5
2020-09-02,6719
2020-09-03,6613
2020-09-04,6678
2020-09-07,6790.5
2020-09-08,6767.5
2020-09-09,6709
2020-09-10,6710.5
2020-09-11,6757.5
2020-09-14,6788
2020-09-15,6813.5
2020-09-16,6776
2020-09-17,6761
2020-09-18,6833.5
2020-09-21,6837
2020-09-22,6810
2020-09-23,6725.5
2020-09-24,6538.5
2020-09-25,6529
2020-09-28,6571.5
2020-09-29,6546
2020-09-30,6610
2020-10-01,6614
2020-10-02,6409.5
2020-10-05,6507.5
2020-10-06,6509
2020-10-07,6525
2020-10-08,6611.5
2020-10-09,6740.5
2020-10-12,6769
2020-10-13,6699.5
2020-10-14,6702
2020-10-15,6683.5
2020-10-16,6728
2020-10-19,6755
2020-10-20,6814
2020-10-21,6953
2020-10-22,6886
2020-10-23,6879.5
2020-10-26,6806
2020-10-27,6787.5
2020-10-28,6694.5
2020-10-29,6692
2020-10-30,6694.5
2020-11-02,6712.5
2020-11-03,6791.5
2020-11-04,6748
2020-11-05,6798
2020-11-06,6938.5
2020-11-09,7034
2020-11-10,6865.5
2020-11-11,6912.5
2020-11-12,6904
2020-11-13,6926
2020-11-16,7113
2020-11-17,7050
2020-11-18,7083
2020-11-19,7028
2020-11-20,7178.5
2020-11-23,7215.5
2020-11-24,7302
2020-11-25,7238.5
2020-11-26,7356.5
2020-11-27,7462
2020-11-30,7674.5
2020-12-01,7644
2020-12-02,7616.5
2020-12-03,7679
2020-12-04,7741.5
2020-12-07,7656.5
2020-12-08,7635
2020-12-09,7704.5
2020-12-10,7712
2020-12-11,7741
2020-12-14,7763
2020-12-15,7753
2020-12-16,7823
2020-12-17,7893
2020-12-18,7964
2020-12-21,7838.5
2020-12-22,7753
2020-12-23,7764.5
2020-12-24,7793
2020-12-29,7840
2020-12-30,7803.5
2020-12-31,7741.5
2021-01-04,7918.5
2021-01-05,7914
2021-01-06,8129.5
2021-01-07,8036.5
2021-01-08,8146
2021-01-11,7951.5
2021-01-12,7983
2021-01-13,7960.5
2021-01-14,8002.5
2021-01-15,7979.5
2021-01-18,7972.5
2021-01-19,7986.5
2021-01-20,8014.5
2021-01-21,8051
2021-01-22,7872
2021-01-25,7984.5
2021-01-26,7957
2021-01-27,7895
2021-01-28,7778.5
2021-01-29,7877
2021-02-01,7827
2021-02-02,7755.5
2021-02-03,7832.5
2021-02-04,7833.5
2021-02-05,7936.5
2021-02-08,8007
2021-02-09,8146.5
2021-02-10,8279.5
2021-02-11,8292
2021-02-12,8270.5
2021-02-15,8416.5
2021-02-16,8439.5
2021-02-17,8413.5
2021-02-18,8650
2021-02-19,8806.5
2021-02-22,9067.5
2021-02-23,9158
2021-02-24,9286
2021-02-25,9614.5
2021-02-26,9172.5
2021-03-01,9198
2021-03-02,9213.5
2021-03-03,9266
2021-03-04,8786.5
2021-03-05,9021.5
2021-03-08,8992.5
2021-03-09,8895
2021-03-10,8939
2021-03-11,9062.5
2021-03-12,9052.5
2021-03-15,9147.5
2021-03-16,8965.5
2021-03-17,9027
2021-03-18,9090
2021-03-19,9036
2021-03-22,9097.5
2021-03-23,9016.5
2021-03-24,9016
2021-03-25,8781
2021-03-26,8929
2021-03-29,8942.5
2021-03-30,8788.5
2021-03-31,8850.5
2021-04-01,8768
2021-04-06,8984.5
2021-04-07,8981.5
2021-04-08,9001.5
2021-04-09,8993
2021-04-12,8901
2021-04-13,8904
2021-04-14,9011
2021-04-15,9187.5
2021-04-16,9336
2021-04-19,9415
2021-04-20,9396.5
2021-04-21,9382.5
2021-04-22,9475.5
2021-04-23,9545.5
2021-04-26,9758
2021-04-27,9898.5
2021-04-28,9832.5
2021-04-29,9990
2021-04-30,9949
2021-05-04,9961
2021-05-05,9991.5
2021-05-06,10025.5
2021-05-07,10361
2021-05-10,10724.5
2021-05-11,10528
2021-05-12,10537
2021-05-13,10253.5
2021-05-14,10212
2021-05-17,10257
2021-05-18,10465
2021-05-19,10114.5
2021-05-20,10086
2021-05-21,10011
2021-05-24,9868
2021-05-25,9943
2021-05-26,9965
2021-05-27,10032.5
2021-05-28,10159.5
2021-06-01,10212.5
2021-06-02,10117.5
2021-06-03,9967
2021-06-04,9852
2021-06-07,9848
2021-06-08,9878.5
2021-06-09,9877
2021-06-10,9808.5
2021-06-11,10029
2021-06-14,9900
2021-06-15,9552.5
2021-06-16,9508
2021-06-17,9427.5
2021-06-18,9206
2021-06-21,9042.5
2021-06-22,9190.5
2021-06-23,9289.5
2021-06-24,9390.5
2021-06-25,9432.5
2021-06-28,9333.5
2021-06-29,9225.5
2021-06-30,9385
2021-07-01,9342
2021-07-02,9296.5
2021-07-05,9432
2021-07-06,9528
2021-07-07,9451.5
2021-07-08,9264.5
2021-07-09,9437.5
2021-07-12,9347
2021-07-13,9310
2021-07-14,9309
2021-07-15,9347
2021-07-16,9396.5
2021-07-19,9264.5
2021-07-20,9211
2021-07-21,9271.5
2021-07-22,9382.5
2021-07-23,9433.5
2021-07-26,9580
2021-07-27,9709
2021-07-28,9697
2021-07-29,9781
2021-07-30,9747.5
2021-08-02,9737
2021-08-03,9583.5
2021-08-04,9503
2021-08-05,9429
2021-08-06,9529.5
2021-08-09,9311.5
2021-08-10,9409.5
2021-08-11,9421
2021-08-12,9508.5
2021-08-13,9429.5
2021-08-16,9377
2021-08-17,9346.5
2021-08-18,9148.5
2021-08-19,8775.5
2021-08-20,8922
2021-08-23,9237
2021-08-24,9316.5
2021-08-25,9378.5
2021-08-26,9323
2021-08-27,9352
2021-08-31,9462.5
2021-09-01,9312
2021-09-02,9347
2021-09-03,9361
2021-09-06,9401.5
2021-09-07,9325
2021-09-08,9256
2021-09-09,9356.5
2021-09-10,9515
2021-09-13,9627
2021-09-14,9407
2021-09-15,9488.5
2021-09-16,9392
2021-09-17,9435.5
2021-09-20,9145.5
2021-09-21,9106
2021-09-22,9255
2021-09-23,9252
2021-09-24,9275
2021-09-27,9341
2021-09-28,9263
2021-09-29,9227
2021-09-30,9041
2021-10-01,9113
2021-10-04,9267.5
2021-10-05,9091.5
2021-10-06,9096
2021-10-07,9177
2021-10-08,9246
2021-10-11,9527
2021-10-12,9585
2021-10-13,9661
2021-10-14,9971
2021-10-15,10555
2021-10-18,10500
2021-10-19,10652
2021-10-20,10161
2021-10-21,10051
2021-10-22,9992
2021-10-25,10050
2021-10-26,9988
2021-10-27,9849.5
2021-10-28,9860
2021-10-29,9955
2021-11-01,9875
2021-11-02,9817
2021-11-03,9825
2021-11-04,9785
2021-11-05,9740
2021-11-08,9885
2021-11-09,10002
2021-11-10,9791
2021-11-11,9850
2021-11-12,9854.5
2021-11-15,9845
2021-11-16,9680
2021-11-17,9495
2021-11-18,9450
2021-11-19,9620.5
2021-11-22,9730
2021-11-23,9825.5
2021-11-24,9852
2021-11-25,9932
2021-11-26,9630
2021-11-29,9751
2021-11-30,9605
2021-12-01,9571
2021-12-02,9520
2021-12-03,9513
2021-12-06,9526
2021-12-07,9647
2021-12-08,9555.5
2021-12-09,9578
2021-12-10,9543
2021-12-13,9500
2021-12-14,9485
2021-12-15,9290
2021-12-16,9506
2021-12-17,9520
2021-12-20,9406
2021-12-21,9521
2021-12-22,9625
2021-12-23,9606
2021-12-24,9582
2021-12-29,9655
2021-12-30,9715
2021-12-31,9692
2022-01-04,9660
2022-01-05,9778
2022-01-06,9565
2022-01-07,9615
2022-01-10,9665
2022-01-11,9662
2022-01-12,9945
2022-01-13,9972
2022-01-14,9900
2022-01-17,9674.5
2022-01-18,9707
2022-01-19,9801
2022-01-20,9925
2022-01-21,9970
2022-01-24,9800
2022-01-25,9744
2022-01-26,9965
2022-01-27,9872
2022-01-28,9678
2022-01-31,9620
2022-02-01,9701
2022-02-02,9880
2022-02-03,9785
2022-02-04,9875
2022-02-07,9850
2022-02-08,9760
2022-02-09,9881
2022-02-10,10220.5
2022-02-11,10040
2022-02-14,9882
2022-02-15,10020
2022-02-16,10045.5
2022-02-17,10010
2022-02-18,10015
2022-02-21,9960
2022-02-22,10020
2022-02-23,10005
2022-02-24,9983
2022-02-25,9920
2022-02-28,9974
2022-03-01,9976
2022-03-02,10257.5
2022-03-03,10470
2022-03-04,10466
2022-03-07,10730
2022-03-08,10171
2022-03-09,10052
2022-03-10,10144
2022-03-11,10145
2022-03-14,9880
2022-03-15,9826
2022-03-16,10100.5
2022-03-17,10166
2022-03-18,10249
2022-03-21,10173
2022-03-22,10342
2022-03-23,10311
2022-03-24,10421
2022-03-25,10280
2022-03-28,10227
2022-03-29,10350
2022-03-30,10390.5
2022-03-31,10337
2022-04-01,10247
2022-04-04,10301.5
2022-04-05,10426
2022-04-06,10350.5
2022-04-07,10292
2022-04-08,10390
2022-04-11,10235.5
2022-04-12,10201
2022-04-13,10290.5
2022-04-14,10277
2022-04-19,10381
2022-04-20,10215
2022-04-21,10268
2022-04-22,10230.5
2022-04-25,9919
2022-04-26,9912.5
2022-04-27,9910
2022-04-28,9812
2022-04-29,9820.5
2022-05-03,9511
2022-05-04,9474
2022-05-05,9541
2022-05-06,9428
2022-05-09,9160
2022-05-10,9350
2022-05-11,9367
2022-05-12,9018.5
2022-05-13,9064
2022-05-16,9270
2022-05-17,9396
2022-05-18,9264.5
2022-05-19,9287
2022-05-20,9477
2022-05-23,9500.5
2022-05-24,9460.5
2022-05-25,9287
2022-05-26,9359
2022-05-27,9383
2022-05-30,9520.5
2022-05-31,9500.5
2022-06-01,9455
2022-06-06,9712
2022-06-07,9612
2022-06-08,9692
2022-06-09,9630
2022-06-10,9537
2022-06-13,9290
2022-06-14,9263
2022-06-15,9257
2022-06-16,9105
2022-06-17,9101
2022-06-20,8875
2022-06-21,9000
2022-06-22,8729
2022-06-23,8578
2022-06-24,8280.5
2022-06-27,8353
2022-06-28,8502
2022-06-29,8446
2022-06-30,8245
2022-07-01,7975.5
2022-07-04,8036
2022-07-05,7807
2022-07-06,7525.5
2022-07-07,7835
2022-07-08,7790
2022-07-11,7623
2022-07-12,7370.5
2022-07-13,7267
2022-07-14,7216
2022-07-15,7000
2022-07-18,7320
2022-07-19,7281.5
2022-07-20,7371
2022-07-21,7231.5
2022-07-22,7372
2022-07-25,7448
2022-07-26,7591.5
2022-07-27,7552
2022-07-28,7712
2022-07-29,7800.5
2022-08-01,7930.5
2022-08-02,7819
2022-08-03,7774
2022-08-04,7642
2022-08-05,7830.5
2022-08-08,7835
2022-08-09,7971.5
2022-08-10,7976
2022-08-11,8140
2022-08-12,8065
2022-08-15,7865.5
2022-08-16,7992
2022-08-17,7955
2022-08-18,8020
2022-08-19,8051
2022-08-22,8041
2022-08-23,8100.5
2022-08-24,8031.5
2022-08-25,8155
2022-08-26,8315
2022-08-30,7910.5
2022-08-31,7721
2022-09-01,7702
2022-09-02,7587
2022-09-05,7652.5
2022-09-06,7707
2022-09-07,7730
2022-09-08,7906
2022-09-09,7985
2022-09-12,8026
2022-09-13,8230
2022-09-14,7865
2022-09-15,7806
2022-09-16,7792
2022-09-19,7772
2022-09-20,7796
2022-09-21,7761.5
2022-09-22,7815
2022-09-23,7446
2022-09-26,7449
2022-09-27,7475
2022-09-28,7353
2022-09-29,7660.5
2022-09-30,7647
2022-10-03,7524
2022-10-04,7596
2022-10-05,7661
2022-10-06,7744
2022-10-07,7575.5
2022-10-10,7655
2022-10-11,7587
2022-10-12,7625.5
2022-10-13,7663
2022-10-14,7688
2022-10-17,7715
2022-10-18,7536
2022-10-19,7420
2022-10-20,7585.5
2022-10-21,7545
2022-10-24,7661
2022-10-25,7536
2022-10-26,7762.5
2022-10-27,7777
2022-10-28,7663.5
2022-10-31,7525
2022-11-01,7745
2022-11-02,7705
2022-11-03,7510
2022-11-04,7905
2022-11-07,7954.5
2022-11-08,7974
2022-11-09,8035
2022-11-10,8065
2022-11-11,8441
2022-11-14,8346
2022-11-15,8343
2022-11-16,8315
2022-11-17,8155
2022-11-18,8047
2022-11-21,7900.5
2022-11-22,7996
2022-11-23,7962
2022-11-24,7990.5
2022-11-25,8070
2022-11-28,7966
2022-11-29,8035.5
2022-11-30,8198
2022-12-01,8216.5
2022-12-02,8342
2022-12-05,8440
2022-12-06,8355.5
2022-12-07,8334
2022-12-08,8537
2022-12-09,8490.5
2022-12-12,8371.5
2022-12-13,8381
2022-12-14,8415
2022-12-15,8383
2022-12-16,8231.5
2022-12-19,8331
2022-12-20,8302
2022-12-21,8327
2022-12-22,8345.5
2022-12-23,8308.5
2022-12-28,8451
2022-12-29,8395
2022-12-30,8387
2023-01-03,8390
2023-01-04,8209
2023-01-05,8420
2023-01-06,8362.5
2023-01-09,8722
2023-01-10,8766.5
2023-01-11,8987
2023-01-12,9071.5
2023-01-13,9107
2023-01-16,9145.5
2023-01-17,9114
2023-01-18,9436
2023-01-19,9190
2023-01-20,9232
2023-01-23,9340.5
2023-01-24,9308
2023-01-25,9258
2023-01-26,9288.5
2023-01-27,9345.5
2023-01-30,9227
2023-01-31,9075
2023-02-01,9175
2023-02-02,9114
2023-02-03,9060
2023-02-06,8891.5
2023-02-07,8865
2023-02-08,9006
2023-02-09,8953.5
2023-02-10,8905
2023-02-13,8912
2023-02-14,8931.5
2023-02-15,8826
2023-02-16,8892
2023-02-17,8871
2023-02-20,9015
2023-02-21,9103.5
2023-02-22,9121
2023-02-23,9060
2023-02-24,8807
2023-02-27,8751
2023-02-28,8844
2023-03-01,9066.5
2023-03-02,8896
2023-03-03,8945
2023-03-06,8819
2023-03-07,8824
2023-03-08,8810
2023-03-09,8808
2023-03-10,8755
2023-03-13,8651
2023-03-14,8905
2023-03-15,8525
2023-03-16,8535
2023-03-17,8621
2023-03-20,8677
2023-03-21,8824
2023-03-22,8880.5
2023-03-23,8917
2023-03-24,8927
2023-03-27,8876
2023-03-28,8934
2023-03-29,9052
2023-03-30,9038.5
2023-03-31,8935
2023-04-03,8966
2023-04-04,8930
2023-04-05,8780
2023-04-06,8836
2023-04-11,8837.5
2023-04-12,8803
2023-04-13,9001.5
2023-04-14,9082
2023-04-17,8985
2023-04-18,8966
2023-04-19,8875
2023-04-20,8875
2023-04-21,8816
2023-04-24,8762.5
2023-04-25,8521
2023-04-26,8579
2023-04-27,8465.5
2023-04-28,8571
2023-05-02,8573
2023-05-03,8486
2023-05-04,8539
2023-05-05,8488
2023-05-09,8583
2023-05-10,8469
2023-05-11,8267
2023-05-12,8240
2023-05-15,8287
2023-05-16,8076
2023-05-17,8176
2023-05-18,8171.5
2023-05-19,8222
2023-05-22,8094
2023-05-23,7961
2023-05-24,7910
2023-05-25,7922
2023-05-26,8082
2023-05-30,8122
2023-05-31,8017
2023-06-01,8210.5
2023-06-02,8337
2023-06-05,8265
2023-06-06,8311
2023-06-07,8352
2023-06-08,8243
2023-06-09,8368
2023-06-12,8287
2023-06-13,8421.5
2023-06-14,8457
2023-06-15,8479
2023-06-16,8561
2023-06-19,8542
2023-06-20,8565
2023-06-21,8490
2023-06-22,8670.5
2023-06-23,8490
2023-06-26,8437
2023-06-27,8367
2023-06-28,8268
2023-06-29,8165.5
2023-06-30,8210
2023-07-03,8355
2023-07-04,8349
2023-07-05,8251
2023-07-06,8280
2023-07-07,8299
2023-07-10,8286
2023-07-11,8371
2023-07-12,8367
2023-07-13,8585
2023-07-14,8651
2023-07-17,8460.5
2023-07-18,8410
2023-07-19,8354
2023-07-20,8543
2023-07-21,8422
2023-07-24,8430
2023-07-25,8597
2023-07-26,8534
2023-07-27,8578.5
2023-07-28,8592
2023-07-31,8635.5
2023-08-01,8720.5
2023-08-02,8545
2023-08-03,8472
2023-08-04,8450.5
2023-08-07,8495
2023-08-08,8276
2023-08-09,8395
2023-08-10,8423.5
2023-08-11,8242
2023-08-14,8242
2023-08-15,8126.5
2023-08-16,8132
2023-08-17,8215
2023-08-18,8176
2023-08-21,8239.5
2023-08-22,8342
2023-08-23,8377.5
2023-08-24,8358.5
2023-08-25,8381.5
2023-08-29,8375
2023-08-30,8394.5
2023-08-31,8359.5
2023-09-01,8515
2023-09-04,8406
2023-09-05,8430
2023-09-06,8395
2023-09-07,8242.5
2023-09-08,8225
2023-09-11,8332.5
2023-09-12,8337.5
2023-09-13,8353
2023-09-14,8423
2023-09-15,8376.5
2023-09-18,8320
2023-09-19,8233.5
2023-09-20,8277
2023-09-21,8101
2023-09-22,8188
2023-09-25,8107
2023-09-26,8066
2023-09-27,8017
2023-09-28,8112
2023-09-29,8230.5
2023-10-02,8100.5
2023-10-03,7960
2023-10-04,7910.5
2023-10-05,7812.5
2023-10-06,7887
2023-10-09,8015.5
2023-10-10,7907.5
2023-10-11,7943.5
2023-10-12,7995
2023-10-13,7891
2023-10-16,7920
2023-10-17,7846.5
2023-10-18,7947.5
2023-10-19,7938
2023-10-20,7876
2023-10-23,7824.5
2023-10-24,7900.5
2023-10-25,7946
2023-10-26,7939
2023-10-27,7963.5
2023-10-30,8110
2023-10-31,8038
2023-11-01,8041
2023-11-02,8066
2023-11-03,8070.5
2023-11-06,8136.5
2023-11-07,8068
2023-11-08,8088
2023-11-09,8030.5
2023-11-10,8006
2023-11-13,8014.5
2023-11-14,8081
2023-11-15,8169
2023-11-16,8165.5
2023-11-17,8141
2023-11-20,8247
2023-11-21,8324
2023-11-22,8296
2023-11-23,8307.5
2023-11-24,8300
2023-11-27,8281
2023-11-28,8278
2023-11-29,8384
2023-11-30,8332
2023-12-01,8456
2023-12-04,8417
2023-12-05,8259
2023-12-06,8297
2023-12-07,8221
2023-12-08,8348
2023-12-11,8275.5
2023-12-12,8272
2023-12-13,8205
2023-12-14,8461.5
2023-12-15,8471
2023-12-18,8423
2023-12-19,8439
2023-12-20,8466.5
2023-12-21,8460
2023-12-22,8499
2023-12-27,8511.5
2023-12-28,8530
2023-12-29,8476
2024-01-02,8430
2024-01-03,8381
2024-01-04,8375
2024-01-05,8346.5
2024-01-08,8295
2024-01-09,8301.5
2024-01-10,8285
2024-01-11,8332
2024-01-12,8289
2024-01-15,8238.5
2024-01-16,8280
2024-01-17,8230
2024-01-18,8189
2024-01-19,8275
2024-01-22,8254.5
2024-01-23,8283.5
2024-01-24,8460
2024-01-25,8486
2024-01-26,8447
2024-01-29,8421
2024-01-30,8462
2024-01-31,8513
2024-02-01,8437
2024-02-02,8400
2024-02-05,8329
2024-02-06,8280
2024-02-07,8280.5
2024-02-08,8202
2024-02-09,8091.5
2024-02-12,8085.5
2024-02-13,8185
2024-02-14,8133.5
2024-02-15,8153
2024-02-16,8322
2024-02-19,8364.5
2024-02-20,8366.5
2024-02-21,8472
2024-02-22,8482
2024-02-23,8442.5
2024-02-26,8373
2024-02-27,8396.5
2024-02-28,8340.5
2024-02-29,8389
2024-03-01,8394
2024-03-04,8437
2024-03-05,8429.5
2024-03-06,8441
2024-03-07,8559
2024-03-08,8552.5
2024-03-11,8522
2024-03-12,8566
2024-03-13,8727
2024-03-14,8791.5
2024-03-15,8906.5
2024-03-18,8973
2024-03-19,8875
2024-03-20,8790
2024-03-21,8873.5
2024-03-22,8741
2024-03-25,8745
2024-03-26,8764
2024-03-27,8696
2024-03-28,8729
2024-04-02,8920
2024-04-03,8932
2024-04-04,9257
2024-04-05,9198
2024-04-08,9301
2024-04-09,9295.5
2024-04-10,9365
2024-04-11,9240.5
2024-04-12,9402
2024-04-15,9390
2024-04-16,9377
2024-04-17,9434
2024-04-18,9617
2024-04-19,9749
2024-04-22,9814.5
2024-04-23,9599
2024-04-24,9671
2024-04-25,9791
2024-04-26,9869
2024-04-29,9935
2024-04-30,9973.5
2024-05-01,9791
2024-05-02,9660
2024-05-03,9737
2024-05-07,9847
2024-05-08,9740
2024-05-09,9728
2024-05-10,9942
2024-05-13,10009
2024-05-14,10077
2024-05-15,10221
2024-05-16,10308
2024-05-17,10398
2024-05-20,10857
2024-05-21,10775
2024-05-22,10447
2024-05-23,10290.5
2024-05-24,10256.5
2024-05-28,10331
2024-05-29,10294
2024-05-30,10016.5
2024-05-31,9985
2024-06-03,9985.5
2024-06-04,9858.5
2024-06-05,9769
2024-06-06,9930
2024-06-07,9840
2024-06-10,9694.5
2024-06-11,9567
2024-06-12,9697.5
2024-06-13,9733
2024-06-14,9650
2024-06-17,9477
2024-06-18,9426
2024-06-19,9652
2024-06-20,9648
2024-06-21,9563
2024-06-24,9530
2024-06-25,9492
2024-06-26,9420
2024-06-27,9422.5
2024-06-28,9476.5
2024-07-01,9517
2024-07-02,9546.5
2024-07-03,9623
2024-07-04,9726.5
2024-07-05,9809
2024-07-08,9808
2024-07-09,9762
2024-07-10,9696
2024-07-11,9693.5
2024-07-12,9673
2024-07-15,9679.5
2024-07-16,9565.5
2024-07-17,9533
2024-07-18,9342
2024-07-19,9214
2024-07-22,9127.5
2024-07-23,9052.5
2024-07-24,9018.5
2024-07-25,8917
2024-07-26,9018.5
2024-07-29,8906
2024-07-30,8809
2024-07-31,9014.5
2024-08-01,8998
2024-08-02,8977
2024-08-05,8620.5
2024-08-06,8715
2024-08-07,8685
2024-08-08,8649
2024-08-09,8805
2024-08-12,8851
2024-08-13,8832
2024-08-14,8906
2024-08-15,9009
2024-08-16,8938
2024-08-19,9115.5
2024-08-20,9152
2024-08-21,9138
2024-08-22,9061
2024-08-23,9072
2024-08-27,9247.5
2024-08-28,9135.5
2024-08-29,9116
2024-08-30,9215
2024-09-02,9034
2024-09-03,8856
2024-09-04,8830.5
2024-09-05,8915
2024-09-06,9013
2024-09-09,8989.5
2024-09-10,8935
2024-09-11,9007.5
2024-09-12,9115.5
2024-09-13,9080.5
2024-09-16,9216
2024-09-17,9242
2024-09-18,9289
2024-09-19,9405.5
2024-09-20,9395
2024-09-23,9329
2024-09-24,9602
2024-09-25,9618.5
2024-09-26,9844
2024-09-27,9860
2024-09-30,9767
2024-10-01,9741
2024-10-02,9882.5
2024-10-03,9786
2024-10-04,9784
2024-10-07,9816.5
2024-10-08,9619
2024-10-09,9550
2024-10-10,9507
2024-10-11,9596.5
2024-10-14,9516
2024-10-15,9401.5
2024-10-16,9489
2024-10-17,9380
2024-10-18,9472.5
2024-10-21,9592.5
2024-10-22,9490.5
2024-10-23,9364
2024-10-24,9413
2024-10-25,9385
2024-10-28,9402
2024-10-29,9431
2024-10-30,9356
2024-10-31,9427
2024-11-01,9425
2024-11-04,9505
2024-11-05,9587.5
2024-11-06,9250.5
2024-11-07,9386
2024-11-08,9323
2024-11-11,9251
2024-11-12,9005
2024-11-13,8969
2024-11-14,8768
2024-11-15,9055
2024-11-18,8859.5
2024-11-19,8919.5
2024-11-20,9022
2024-11-21,8945.5
2024-11-22,8829
2024-11-25,8918
2024-11-26,8925
2024-11-27,8897.5
2024-11-28,8850.5
2024-11-29,8879
2024-12-02,8871
2024-12-03,8941
2024-12-04,8951
2024-12-05,8967
2024-12-06,9040
2024-12-09,9104
2024-12-10,9067
2024-12-11,9077
2024-12-12,9038.5
2024-12-13,8989
2024-12-16,8932
2024-12-17,8851.5
2024-12-18,8905.5
2024-12-19,8795.5
2024-12-20,8793
2024-12-23,8838
2024-12-24,8847.5
2024-12-27,8843
2024-12-30,8833
2024-12-31,8706
2025-01-02,8685.5
2025-01-03,8701
2025-01-06,8893.5
2025-01-07,8886
2025-01-08,8847
2025-01-09,8960.5
2025-01-10,8995.5
2025-01-13,8980
2025-01-14,9016
2025-01-15,9020
2025-01-16,9135
2025-01-17,9132
2025-01-20,9043.5
2025-01-21,9067
2025-01-22,9123
2025-01-23,9056
2025-01-24,9218
2025-01-27,9051
2025-01-28,8890.5
2025-01-29,8881
2025-01-30,8975
2025-01-31,8949.5
2025-02-03,8866.5
2025-02-04,8993
2025-02-05,9025
2025-02-06,9165
2025-02-07,9288
2025-02-10,9287.5
2025-02-11,9245
2025-02-12,9277.5
2025-02-13,9362
2025-02-14,9812
2025-02-17,9291
2025-02-18,9295
2025-02-19,9433
2025-02-20,9514.5
2025-02-21,9494
2025-02-24,9490
2025-02-25,9463
2025-02-26,9504
2025-02-27,9415.5
2025-02-28,9363.5
2025-03-03,9360.5
2025-03-04,9395
2025-03-05,9541
2025-03-06,9654
2025-03-07,9664
2025-03-10,9547
2025-03-11,9628
2025-03-12,9766
2025-03-13,9702.5
2025-03-14,9759
2025-03-17,9748
2025-03-18,9834
2025-03-19,9914
2025-03-20,9911.5
2025-03-21,9829
2025-03-24,9978
2025-03-25,9982
2025-03-26,9884
2025-03-27,9787
2025-03-28,9795
2025-03-31,9673
2025-04-01,9652
2025-04-02,9646
2025-04-03,9397
2025-04-04,8830.5
2025-04-07,8825
2025-04-08,8760
2025-04-09,8539
2025-04-10,8978
2025-04-11,9180
2025-04-14,9212.5
2025-04-15,9094
2025-04-16,9083
2025-04-17,9104
2025-04-22,9293.5
2025-04-23,9416.5
2025-04-24,9410.5
2025-04-25,9364
2025-04-28,9365.5
2025-04-29,9487.5
2025-04-30,9204
2025-05-01,9195
2025-05-02,9376
2025-05-06,9500
2025-05-07,9486
2025-05-08,9413
2025-05-09,9485.5
2025-05-12,9590
2025-05-13,9534
2025-05-14,9649.5
2025-05-15,9537.5
2025-05-16,9534
2025-05-19,9545
2025-05-20,9530
2025-05-21,9532.5
2025-05-22,9493
2025-05-23,9595
2025-05-27,9653
2025-05-28,9682
2025-05-29,9641.5
2025-05-30,9623
2025-06-02,9655
2025-06-03,9643
2025-06-04,9673.5
2025-06-05,9834
2025-06-06,9795
2025-06-09,9849
2025-06-10,9854
2025-06-11,9730
2025-06-12,9779
2025-06-13,9658
2025-06-16,9738
2025-06-17,9820.5
2025-06-18,9841
2025-06-19,9712
2025-06-20,9945
2025-06-23,10035
2025-06-24,9930.5
2025-06-25,9810
2025-06-26,10115
2025-06-27,10051
2025-06-30,10040
2025-07-01,10061
2025-07-02,10045
2025-07-03,10120
2025-07-04,9970.5
2025-07-07,9893
2025-07-08,9925
2025-07-09,9635
2025-07-10,9752
2025-07-11,9637.5
2025-07-14,9555
2025-07-15,9564
2025-07-16,9563
2025-07-17,9586
2025-07-18,9667
2025-07-21,9773.5
2025-07-22,9818.5
2025-07-23,9862
2025-07-24,9861
2025-07-25,9788
2025-07-28,9783
2025-07-29,9733.5
2025-07-30,9699.5
2025-07-31,9606
2025-08-01,9535.5
2025-08-04,9622.5
2025-08-05,9576.5
2025-08-06,9604.5
2025-08-07,9636.5
2025-08-08,9627
2025-08-11,9643.5
2025-08-12,9661.5
2025-08-13,9746.5
2025-08-14,9665.5
2025-08-15,9621
2025-08-18,9626.5
2025-08-19,9621.5
2025-08-20,9576.5
2025-08-21,9611
2025-08-22,9643
2025-08-26,9707.5
2025-08-27,9682
2025-08-28,9703.5
2025-08-29,9805
2025-09-01,9804.5
2025-09-02,9773.5
2025-09-03,9873
2025-09-04,9813
2025-09-05,9881
2025-09-08,9810.5
2025-09-09,9822.5
2025-09-10,9847
2025-09-11,9926
2025-09-12,10004.5
2025-09-15,9986
2025-09-16,10071.5
2025-09-17,9894
2025-09-18,9895
2025-09-19,9904
2025-09-22,9921.5
2025-09-23,9900
2025-09-24,9862
2025-09-25,10312
2025-09-26,10125.5
2025-09-29,10233
2025-09-30,10300
2025-10-01,10263
2025-10-02,10455
2025-10-03,10537.5
2025-10-06,10609.5
2025-10-07,10643
2025-10-08,10738
2025-10-09,10866.5
2025-10-10,10735
2025-10-13,10617.5
2025-10-14,10600
2025-10-15,10702
2025-10-16,10495
2025-10-17,10527.5
2025-10-20,10581
2025-10-21,10612
2025-10-22,10600
2025-10-23,10797
2025-10-24,10807
2025-10-27,10987
2025-10-28,10917
2025-10-29,11067.5
2025-10-30,10949
2025-10-31,10901.5
2025-11-03,10872.5
2025-11-04,10600.5
2025-11-05,10603
2025-11-06,10723
2025-11-07,10720
2025-11-10,10800
2025-11-11,10777
2025-11-12,10833
2025-11-13,10942
2025-11-14,10851
2025-11-17,10799
2025-11-18,10649
2025-11-19,10784
2025-11-20,10789
2025-11-21,10685.5
2025-11-24,10795
2025-11-25,10876
2025-11-26,10978
2025-11-27,10934
2025-11-28,11004
2025-12-01,11299
2025-12-02,11285
2025-12-03,11437
2025-12-04,11472
2025-12-05,11645
2025-12-08,11695
2025-12-09,11563.5
2025-12-10,11645
2025-12-11,11740
2025-12-12,11816
2025-12-15,11774.5
2025-12-16,11636
2025-12-17,11720
2025-12-18,11721.5
2025-12-19,11845
2025-12-22,11940
2025-12-23,12070
2025-12-24,12253
2025-12-29,12306
2025-12-30,12512
2025-12-31,12504
